-- MySQL Script generated by MySQL Workbench
-- Sat Apr 17 21:18:08 2021
-- Model: New Model    Version: 1.0
-- MySQL Workbench Forward Engineering

SET @OLD_UNIQUE_CHECKS=@@UNIQUE_CHECKS, UNIQUE_CHECKS=0;
SET @OLD_FOREIGN_KEY_CHECKS=@@FOREIGN_KEY_CHECKS, FOREIGN_KEY_CHECKS=0;
SET @OLD_SQL_MODE=@@SQL_MODE, SQL_MODE='ONLY_FULL_GROUP_BY,STRICT_TRANS_TABLES,NO_ZERO_IN_DATE,NO_ZERO_DATE,ERROR_FOR_DIVISION_BY_ZERO,NO_ENGINE_SUBSTITUTION';

-- -----------------------------------------------------
-- Schema TrabBD8
-- -----------------------------------------------------

-- -----------------------------------------------------
-- Schema TrabBD8
-- -----------------------------------------------------
CREATE SCHEMA IF NOT EXISTS `TrabBD8` DEFAULT CHARACTER SET utf8 ;
USE `TrabBD8` ;

-- -----------------------------------------------------
-- Table `TrabBD8`.`UnidadeFederacao`
-- -----------------------------------------------------
CREATE TABLE IF NOT EXISTS `TrabBD8`.`UnidadeFederacao` (
  `siglaUF` CHAR(2) NOT NULL,
  `nomeUF` VARCHAR(45) NOT NULL,
  PRIMARY KEY (`siglaUF`))
ENGINE = InnoDB;


-- -----------------------------------------------------
-- Table `TrabBD8`.`Cidade`
-- -----------------------------------------------------
CREATE TABLE IF NOT EXISTS `TrabBD8`.`Cidade` (
  `idCidade` INT NOT NULL AUTO_INCREMENT,
  `nomeCidade` VARCHAR(45) NOT NULL,
  `UnidadeFederacao_siglaUF` CHAR(2) NOT NULL,
  PRIMARY KEY (`idCidade`),
  UNIQUE INDEX `idCidade_UNIQUE` (`idCidade` ASC) VISIBLE,
  INDEX `fk_Cidade_UnidadeFederacao1_idx` (`UnidadeFederacao_siglaUF` ASC) VISIBLE,
  CONSTRAINT `fk_Cidade_UnidadeFederacao1`
    FOREIGN KEY (`UnidadeFederacao_siglaUF`)
    REFERENCES `TrabBD8`.`UnidadeFederacao` (`siglaUF`)
    ON DELETE NO ACTION
    ON UPDATE NO ACTION)
ENGINE = InnoDB;


-- -----------------------------------------------------
-- Table `TrabBD8`.`Bairro`
-- -----------------------------------------------------
CREATE TABLE IF NOT EXISTS `TrabBD8`.`Bairro` (
  `idBairro` INT NOT NULL AUTO_INCREMENT,
  `nomeBairro` VARCHAR(45) NOT NULL,
  PRIMARY KEY (`idBairro`),
  UNIQUE INDEX `idBairro_UNIQUE` (`idBairro` ASC) VISIBLE)
ENGINE = InnoDB;


-- -----------------------------------------------------
-- Table `TrabBD8`.`TipoLogradouro`
-- -----------------------------------------------------
CREATE TABLE IF NOT EXISTS `TrabBD8`.`TipoLogradouro` (
  `siglaLogradouro` VARCHAR(10) NOT NULL,
  `nomeLogradouro` VARCHAR(45) NOT NULL,
  PRIMARY KEY (`siglaLogradouro`))
ENGINE = InnoDB;


-- -----------------------------------------------------
-- Table `TrabBD8`.`Logradouro`
-- -----------------------------------------------------
CREATE TABLE IF NOT EXISTS `TrabBD8`.`Logradouro` (
  `idLogradouro` INT NOT NULL AUTO_INCREMENT,
  `nomeLogradouro` VARCHAR(45) NOT NULL,
  `TipoLogradouro_siglaLogradouro` VARCHAR(10) NOT NULL,
  PRIMARY KEY (`idLogradouro`),
  UNIQUE INDEX `idLogradouro_UNIQUE` (`idLogradouro` ASC) VISIBLE,
  INDEX `fk_Logradouro_TipoLogradouro1_idx` (`TipoLogradouro_siglaLogradouro` ASC) VISIBLE,
  CONSTRAINT `fk_Logradouro_TipoLogradouro1`
    FOREIGN KEY (`TipoLogradouro_siglaLogradouro`)
    REFERENCES `TrabBD8`.`TipoLogradouro` (`siglaLogradouro`)
    ON DELETE NO ACTION
    ON UPDATE NO ACTION)
ENGINE = InnoDB;


-- -----------------------------------------------------
-- Table `TrabBD8`.`Endereco`
-- -----------------------------------------------------
CREATE TABLE IF NOT EXISTS `TrabBD8`.`Endereco` (
  `idEndereco` INT NOT NULL AUTO_INCREMENT,
  `CEP` VARCHAR(8) NOT NULL,
  `Cidade_idCidade` INT NOT NULL,
  `Logradouro_idLogradouro` INT NOT NULL,
  `Bairro_idBairro` INT NOT NULL,
  PRIMARY KEY (`idEndereco`),
  UNIQUE INDEX `idEndereco_UNIQUE` (`idEndereco` ASC) VISIBLE,
  INDEX `fk_Endereco_Cidade1_idx` (`Cidade_idCidade` ASC) VISIBLE,
  INDEX `fk_Endereco_Bairro1_idx` (`Bairro_idBairro` ASC) VISIBLE,
  INDEX `fk_Endereco_Logradouro1_idx` (`Logradouro_idLogradouro` ASC) VISIBLE,
  CONSTRAINT `fk_Endereco_Cidade1`
    FOREIGN KEY (`Cidade_idCidade`)
    REFERENCES `TrabBD8`.`Cidade` (`idCidade`)
    ON DELETE NO ACTION
    ON UPDATE NO ACTION,
  CONSTRAINT `fk_Endereco_Bairro1`
    FOREIGN KEY (`Bairro_idBairro`)
    REFERENCES `TrabBD8`.`Bairro` (`idBairro`)
    ON DELETE NO ACTION
    ON UPDATE NO ACTION,
  CONSTRAINT `fk_Endereco_Logradouro1`
    FOREIGN KEY (`Logradouro_idLogradouro`)
    REFERENCES `TrabBD8`.`Logradouro` (`idLogradouro`)
    ON DELETE NO ACTION
    ON UPDATE NO ACTION)
ENGINE = InnoDB;


-- -----------------------------------------------------
-- Table `TrabBD8`.`Cliente`
-- -----------------------------------------------------
CREATE TABLE IF NOT EXISTS `TrabBD8`.`Cliente` (
  `codCliente` INT NOT NULL AUTO_INCREMENT,
  `nomeCliente` VARCHAR(45) NOT NULL,
  `Endereco_idEndereco` INT NOT NULL,
  `nroCasa_endCliente` INT NOT NULL,
  `compl_endCliente` VARCHAR(45) NULL,
  PRIMARY KEY (`codCliente`, `Endereco_idEndereco`),
  UNIQUE INDEX `codCliente_UNIQUE` (`codCliente` ASC) VISIBLE,
  INDEX `fk_Cliente_Endereco1_idx` (`Endereco_idEndereco` ASC) VISIBLE)
ENGINE = CSV;


-- -----------------------------------------------------
-- Table `TrabBD8`.`PedidoVenda`
-- -----------------------------------------------------
CREATE TABLE IF NOT EXISTS `TrabBD8`.`PedidoVenda` (
  `nroPedido` INT NOT NULL AUTO_INCREMENT,
  `dtPedido` DATE NOT NULL,
  `totalPedido` DOUBLE NOT NULL,
  `Cliente_codCliente` INT NOT NULL,
  `Endereco_idEndereco` INT NOT NULL,
  `nroCasa_endEntrega` INT NOT NULL,
  `compl_endEntrega` VARCHAR(45) NULL,
  `PedidoVendacol` VARCHAR(45) NULL,
  PRIMARY KEY (`nroPedido`, `Endereco_idEndereco`),
  UNIQUE INDEX `nroPedido_UNIQUE` (`nroPedido` ASC) VISIBLE,
  INDEX `fk_PedidoVenda_Cliente_idx` (`Cliente_codCliente` ASC) VISIBLE,
  INDEX `fk_PedidoVenda_Endereco1_idx` (`Endereco_idEndereco` ASC) VISIBLE,
  CONSTRAINT `fk_PedidoVenda_Cliente`
    FOREIGN KEY (`Cliente_codCliente`)
    REFERENCES `TrabBD8`.`Cliente` (`codCliente`)
    ON DELETE NO ACTION
    ON UPDATE NO ACTION,
  CONSTRAINT `fk_PedidoVenda_Endereco1`
    FOREIGN KEY (`Endereco_idEndereco`)
    REFERENCES `TrabBD8`.`Endereco` (`idEndereco`)
    ON DELETE NO ACTION
    ON UPDATE NO ACTION)
ENGINE = InnoDB;


-- -----------------------------------------------------
-- Table `TrabBD8`.`Produto`
-- -----------------------------------------------------
CREATE TABLE IF NOT EXISTS `TrabBD8`.`Produto` (
  `codProduto` INT NOT NULL AUTO_INCREMENT,
  `nomeProduto` VARCHAR(45) NOT NULL,
  `precoProduto` DOUBLE NOT NULL,
  PRIMARY KEY (`codProduto`),
  UNIQUE INDEX `codProduto_UNIQUE` (`codProduto` ASC) VISIBLE)
ENGINE = InnoDB;


-- -----------------------------------------------------
-- Table `TrabBD8`.`ItemPedidoVenda`
-- -----------------------------------------------------
CREATE TABLE IF NOT EXISTS `TrabBD8`.`ItemPedidoVenda` (
  `qtdeVenda` INT NOT NULL,
  `precoVenda` DOUBLE NOT NULL,
  `totalItemProduto` DOUBLE NOT NULL,
  `Produto_codProduto` INT NOT NULL,
  `PedidoVenda_nroPedido` INT NOT NULL,
  PRIMARY KEY (`Produto_codProduto`, `PedidoVenda_nroPedido`),
  INDEX `fk_ItemPedidoVenda_PedidoVenda1_idx` (`PedidoVenda_nroPedido` ASC) VISIBLE,
  CONSTRAINT `fk_ItemPedidoVenda_Produto1`
    FOREIGN KEY (`Produto_codProduto`)
    REFERENCES `TrabBD8`.`Produto` (`codProduto`)
    ON DELETE NO ACTION
    ON UPDATE NO ACTION,
  CONSTRAINT `fk_ItemPedidoVenda_PedidoVenda1`
    FOREIGN KEY (`PedidoVenda_nroPedido`)
    REFERENCES `TrabBD8`.`PedidoVenda` (`nroPedido`)
    ON DELETE NO ACTION
    ON UPDATE NO ACTION)
ENGINE = InnoDB;


SET SQL_MODE=@OLD_SQL_MODE;
SET FOREIGN_KEY_CHECKS=@OLD_FOREIGN_KEY_CHECKS;
SET UNIQUE_CHECKS=@OLD_UNIQUE_CHECKS;

-- -----------------------------------------------------
-- Data for table `TrabBD8`.`UnidadeFederacao`
-- -----------------------------------------------------
START TRANSACTION;
USE `TrabBD8`;
INSERT INTO `TrabBD8`.`UnidadeFederacao` (`siglaUF`, `nomeUF`) VALUES ('PR', 'Parana');
INSERT INTO `TrabBD8`.`UnidadeFederacao` (`siglaUF`, `nomeUF`) VALUES ('SC', 'Santa Catarina');
INSERT INTO `TrabBD8`.`UnidadeFederacao` (`siglaUF`, `nomeUF`) VALUES ('RS', 'Rio Grande do Sul');

COMMIT;


-- -----------------------------------------------------
-- Data for table `TrabBD8`.`Cidade`
-- -----------------------------------------------------
START TRANSACTION;
USE `TrabBD8`;
INSERT INTO `TrabBD8`.`Cidade` (`idCidade`, `nomeCidade`, `UnidadeFederacao_siglaUF`) VALUES (1, 'Foz do Iguaçu', '1');
INSERT INTO `TrabBD8`.`Cidade` (`idCidade`, `nomeCidade`, `UnidadeFederacao_siglaUF`) VALUES (2, 'Curitiba', '1');
INSERT INTO `TrabBD8`.`Cidade` (`idCidade`, `nomeCidade`, `UnidadeFederacao_siglaUF`) VALUES (3, 'Blumenau', '2');
INSERT INTO `TrabBD8`.`Cidade` (`idCidade`, `nomeCidade`, `UnidadeFederacao_siglaUF`) VALUES (4, 'Florianopolis', '2');
INSERT INTO `TrabBD8`.`Cidade` (`idCidade`, `nomeCidade`, `UnidadeFederacao_siglaUF`) VALUES (5, 'Porto Alegre', '3');

COMMIT;


-- -----------------------------------------------------
-- Data for table `TrabBD8`.`Bairro`
-- -----------------------------------------------------
START TRANSACTION;
USE `TrabBD8`;
INSERT INTO `TrabBD8`.`Bairro` (`idBairro`, `nomeBairro`) VALUES (1, 'Vila Itajuba');
INSERT INTO `TrabBD8`.`Bairro` (`idBairro`, `nomeBairro`) VALUES (2, 'Centro');
INSERT INTO `TrabBD8`.`Bairro` (`idBairro`, `nomeBairro`) VALUES (3, 'Charrua');
INSERT INTO `TrabBD8`.`Bairro` (`idBairro`, `nomeBairro`) VALUES (4, 'Boa Vista');
INSERT INTO `TrabBD8`.`Bairro` (`idBairro`, `nomeBairro`) VALUES (5, 'Vila A');

COMMIT;


-- -----------------------------------------------------
-- Data for table `TrabBD8`.`TipoLogradouro`
-- -----------------------------------------------------
START TRANSACTION;
USE `TrabBD8`;
INSERT INTO `TrabBD8`.`TipoLogradouro` (`siglaLogradouro`, `nomeLogradouro`) VALUES ('R', 'Rua');
INSERT INTO `TrabBD8`.`TipoLogradouro` (`siglaLogradouro`, `nomeLogradouro`) VALUES ('Av', 'Avenida');
INSERT INTO `TrabBD8`.`TipoLogradouro` (`siglaLogradouro`, `nomeLogradouro`) VALUES ('Pq', 'Parque');

COMMIT;


-- -----------------------------------------------------
-- Data for table `TrabBD8`.`Logradouro`
-- -----------------------------------------------------
START TRANSACTION;
USE `TrabBD8`;
INSERT INTO `TrabBD8`.`Logradouro` (`idLogradouro`, `nomeLogradouro`, `TipoLogradouro_siglaLogradouro`) VALUES (1, 'Gilberto Rolon', '1');
INSERT INTO `TrabBD8`.`Logradouro` (`idLogradouro`, `nomeLogradouro`, `TipoLogradouro_siglaLogradouro`) VALUES (2, 'Brasil', '2');
INSERT INTO `TrabBD8`.`Logradouro` (`idLogradouro`, `nomeLogradouro`, `TipoLogradouro_siglaLogradouro`) VALUES (3, 'Presidente Vargas', '2');
INSERT INTO `TrabBD8`.`Logradouro` (`idLogradouro`, `nomeLogradouro`, `TipoLogradouro_siglaLogradouro`) VALUES (4, 'Jose Montaury', '1');
INSERT INTO `TrabBD8`.`Logradouro` (`idLogradouro`, `nomeLogradouro`, `TipoLogradouro_siglaLogradouro`) VALUES (5, 'Silva Jardim', '2');

COMMIT;


-- -----------------------------------------------------
-- Data for table `TrabBD8`.`Endereco`
-- -----------------------------------------------------
START TRANSACTION;
USE `TrabBD8`;
INSERT INTO `TrabBD8`.`Endereco` (`idEndereco`, `CEP`, `Cidade_idCidade`, `Logradouro_idLogradouro`, `Bairro_idBairro`) VALUES (1, '85852-180', 1, 1, 1);
INSERT INTO `TrabBD8`.`Endereco` (`idEndereco`, `CEP`, `Cidade_idCidade`, `Logradouro_idLogradouro`, `Bairro_idBairro`) VALUES (2, '23058-421', 2, 5, 4);
INSERT INTO `TrabBD8`.`Endereco` (`idEndereco`, `CEP`, `Cidade_idCidade`, `Logradouro_idLogradouro`, `Bairro_idBairro`) VALUES (3, '56322-768', 5, 3, 3);
INSERT INTO `TrabBD8`.`Endereco` (`idEndereco`, `CEP`, `Cidade_idCidade`, `Logradouro_idLogradouro`, `Bairro_idBairro`) VALUES (4, '47865-687', 1, 2, 2);
INSERT INTO `TrabBD8`.`Endereco` (`idEndereco`, `CEP`, `Cidade_idCidade`, `Logradouro_idLogradouro`, `Bairro_idBairro`) VALUES (5, '72135-952', 4, 4, 2);
INSERT INTO `TrabBD8`.`Endereco` (`idEndereco`, `CEP`, `Cidade_idCidade`, `Logradouro_idLogradouro`, `Bairro_idBairro`) VALUES (6, '35479-287', 3, 2, 2);

COMMIT;


-- -----------------------------------------------------
-- Data for table `TrabBD8`.`Cliente`
-- -----------------------------------------------------
START TRANSACTION;
USE `TrabBD8`;
INSERT INTO `TrabBD8`.`Cliente` (`codCliente`, `nomeCliente`, `Endereco_idEndereco`, `nroCasa_endCliente`, `compl_endCliente`) VALUES (1, 'Leonardo Benitez de Freitas', 1, 137, NULL);
INSERT INTO `TrabBD8`.`Cliente` (`codCliente`, `nomeCliente`, `Endereco_idEndereco`, `nroCasa_endCliente`, `compl_endCliente`) VALUES (2, 'Bruno de Castro Brezolin', 3, 1130, 'Apartamento 103');
INSERT INTO `TrabBD8`.`Cliente` (`codCliente`, `nomeCliente`, `Endereco_idEndereco`, `nroCasa_endCliente`, `compl_endCliente`) VALUES (3, 'Victor Hugo Marques Turnes', 5, 423, NULL);

COMMIT;


-- -----------------------------------------------------
-- Data for table `TrabBD8`.`PedidoVenda`
-- -----------------------------------------------------
START TRANSACTION;
USE `TrabBD8`;
INSERT INTO `TrabBD8`.`PedidoVenda` (`nroPedido`, `dtPedido`, `totalPedido`, `Cliente_codCliente`, `Endereco_idEndereco`, `nroCasa_endEntrega`, `compl_endEntrega`, `PedidoVendacol`) VALUES (1, '2021-02-10', 26.00, 1, 1, 137, NULL, NULL);
INSERT INTO `TrabBD8`.`PedidoVenda` (`nroPedido`, `dtPedido`, `totalPedido`, `Cliente_codCliente`, `Endereco_idEndereco`, `nroCasa_endEntrega`, `compl_endEntrega`, `PedidoVendacol`) VALUES (2, '2021-03-25', 37.50, 2, 2, 3251, 'Apartamento 305', NULL);
INSERT INTO `TrabBD8`.`PedidoVenda` (`nroPedido`, `dtPedido`, `totalPedido`, `Cliente_codCliente`, `Endereco_idEndereco`, `nroCasa_endEntrega`, `compl_endEntrega`, `PedidoVendacol`) VALUES (3, '2021-04-07', 27.00, 3, 4, 2041, NULL, NULL);

COMMIT;


-- -----------------------------------------------------
-- Data for table `TrabBD8`.`Produto`
-- -----------------------------------------------------
START TRANSACTION;
USE `TrabBD8`;
INSERT INTO `TrabBD8`.`Produto` (`codProduto`, `nomeProduto`, `precoProduto`) VALUES (1, 'Arroz', 2.50);
INSERT INTO `TrabBD8`.`Produto` (`codProduto`, `nomeProduto`, `precoProduto`) VALUES (2, 'Feijao', 3.00);
INSERT INTO `TrabBD8`.`Produto` (`codProduto`, `nomeProduto`, `precoProduto`) VALUES (3, 'Coca Cola 2 Litros', 7.50);
INSERT INTO `TrabBD8`.`Produto` (`codProduto`, `nomeProduto`, `precoProduto`) VALUES (4, 'Macarrao', 3.00);
INSERT INTO `TrabBD8`.`Produto` (`codProduto`, `nomeProduto`, `precoProduto`) VALUES (5, 'Azeite de Oliva', 15.00);
INSERT INTO `TrabBD8`.`Produto` (`codProduto`, `nomeProduto`, `precoProduto`) VALUES (6, 'Papel Higienico 6 Unidades', 20.00);

COMMIT;


-- -----------------------------------------------------
-- Data for table `TrabBD8`.`ItemPedidoVenda`
-- -----------------------------------------------------
START TRANSACTION;
USE `TrabBD8`;
INSERT INTO `TrabBD8`.`ItemPedidoVenda` (`qtdeVenda`, `precoVenda`, `totalItemProduto`, `Produto_codProduto`, `PedidoVenda_nroPedido`) VALUES (2, 4.00, 8.00, 1, 1);
INSERT INTO `TrabBD8`.`ItemPedidoVenda` (`qtdeVenda`, `precoVenda`, `totalItemProduto`, `Produto_codProduto`, `PedidoVenda_nroPedido`) VALUES (3, 5.00, 15.00, 2, 2);
INSERT INTO `TrabBD8`.`ItemPedidoVenda` (`qtdeVenda`, `precoVenda`, `totalItemProduto`, `Produto_codProduto`, `PedidoVenda_nroPedido`) VALUES (5, 4.50, 22.50, 4, 2);
INSERT INTO `TrabBD8`.`ItemPedidoVenda` (`qtdeVenda`, `precoVenda`, `totalItemProduto`, `Produto_codProduto`, `PedidoVenda_nroPedido`) VALUES (1, 27.00, 27.00, 6, 3);
INSERT INTO `TrabBD8`.`ItemPedidoVenda` (`qtdeVenda`, `precoVenda`, `totalItemProduto`, `Produto_codProduto`, `PedidoVenda_nroPedido`) VALUES (2, 9.00, 18.00, 3, 1);

COMMIT;

